EVENT_ID,CZ_NAME_STR,BEGIN_LOCATION,BEGIN_DATE,BEGIN_TIME,EVENT_TYPE,MAGNITUDE,TOR_F_SCALE,DEATHS_DIRECT,INJURIES_DIRECT,DAMAGE_PROPERTY_NUM,DAMAGE_CROPS_NUM,STATE_ABBR,CZ_TIMEZONE,MAGNITUDE_TYPE,EPISODE_ID,CZ_TYPE,CZ_FIPS,WFO,INJURIES_INDIRECT,DEATHS_INDIRECT,SOURCE,FLOOD_CAUSE,TOR_LENGTH,TOR_WIDTH,BEGIN_RANGE,BEGIN_AZIMUTH,END_RANGE,END_AZIMUTH,END_LOCATION,END_DATE,END_TIME,BEGIN_LAT,BEGIN_LON,END_LAT,END_LON,EVENT_NARRATIVE,EPISODE_NARRATIVE,ABSOLUTE_ROWNUMBER
5583359,MAUI CO.,KAUPO,12/23/1996,1430,Flash Flood, , ,0,0,0,0,HI,HST, ,2057271,C,9,HFO,0,0, , , , , , , , ,KAUPO,12/23/1996,1730, , , , ,"Heavy rain produced flooding which closed and severely eroded the road between Kaupo and Kipahulu.  The Wainee plantation village was also flooded.  Small landslides partially blocked the lanes  of the Honoapiilani Highway on the Kahakuloa side of Honolua Bay.","",1
5626637,MAUI CO.,WEST PORTION,01/04/1997,930,Flash Flood, , ,0,0,0,0,HI,HST, ,2071388,C,9,HFO,0,0, , , , , , , , ,WEST PORTION,01/04/1997,1730, , , , ,"Widespread flooding of the Mokulele Highway from Kahului to Kihei and the Honoapiilani Highway from Lahaina to Kaanapali occurred.  Landslides blocked parts of the Kahekili Highway near Kahakuloa.  One home was flooded in the Wailuku/Happy Valley area when an irrigation ditch overflowed.","",2
5626636,MAUI CO.,LANAI CITY,01/04/1997,930,Flash Flood, , ,0,0,0,0,HI,HST, ,2071387,C,9,HFO,0,0, , , , , , , , ,LANAI CITY,01/04/1997,930, , , , ,"A stalled cold front brought heavy showers to Lanai, Maui, and Molokai during the morning and afternoon  hours. Flooding was widespread in Lanai City with many roads closed and the airport runway was inundated with up to 2 feet of water.","",3
5626638,MAUI CO.,KAUNAKAKAI,01/04/1997,1530,Flash Flood, , ,0,0,0,0,HI,HST, ,2071389,C,9,HFO,0,0, , , , , , , , ,KAUNAKAKAI,01/04/1997,1830, , , , ,"Flooding reported along the Kawela and Kaunakakai Streams and along the Maunaloa and Kamehameha  Roads.","",4
5623724,MAUI CO.,LAHAINA,01/19/1997,2000,Flash Flood, , ,0,0,536000,0,HI,HST, ,2071994,C,9,HFO,0,0,NEWSPAPER, , , , , , , ,LAHAINA,01/20/1997,400, , , , ,"","Drainageways overflowed in Lahaina, flooding an underground parking lot and damaging several cars.  Flooding closed a section of Kamehameha V Highway two miles east of Kaunakakai.

Overall, residents and businesses reported losing hundreds of thousands of dollars from waters that inundated Lahaina town's low-lying Malu-ulu-o-Lele Park area between Prison and Shaw streets and on Wainee Street.",5
5626199,MAUI CO.,EAST PORTION,07/30/1997,115,Flash Flood, , ,0,0,49000,0,HI,HST, ,2071545,C,9,HFO,0,0, , , , , , , , ,EAST PORTION,07/30/1997,630, , , , ,"High water washed away a culvert bridge leaving a 20 foot gap in Waha Place road leading to a cul-de-sac off of Ulumalu Road between the Hana Highway and Five Corners.  10 families living in homes around the cul-de-sac  were stranded for about 9 hours.  At 2:30 a.m., a house was severely flooded by a debris blocked stream in the Honopua area on the mountain side of Hana Highway just before Twin Falls.  Contents of the house and a pickup truck were destroyed.  The Hana Highway was blocked in several spots by landslides, and the Piilani Highway was closed due to high water and damage by erosion between Kipahulu and Kaupo.","",6
5685575,MAUI CO.,HANA,01/31/1999,845,Flash Flood, , ,0,0,0,0,HI,HST, ,1503344,C,9,HFO,0,0,OFFICIAL NWS OBS., , , , , , , ,HANA,01/31/1999,1500, , , , ,"","Heavy showers and thunderstorms produced high amounts of rainfall over the south and east flank of Haleakala.  Flooding occurred in the vicinity of several streams.  The Alelele stream near Kipahulu flooded the area with two feet of water with severe erosion to road surfaces.",7
5723357,MAUI CO.,KIPAHULU,10/20/1999,1400,Flash Flood, , ,0,0,0,0,HI,HST, ,2414488,C,9,HFO,0,0,FIRE DEPT/RESCUE SQUAD, , , ,1,NE,1,NE,KIPAHULU,10/20/1999,1630, , , , ,"","A drenching rainfall in Haleakala National Park in the afternoon of 20 October caused the usually placid Palikea Stream to rise by an estimated 15 to 20 feet within a minute.  Twelve tourists who had been swimming in the lower pools of the Palikea escaped injury by clinging to the sides of the cliffs on each side of the raging stream.  The US Coast Guard, a Maui County rescue team, police, and members of the public helped get the visitors to safety.

On the island of Maui, Makena Road near Makena Landing became washed out in the early morning hours of 20 October.  Besides this event and the stranding of the twelve tourists,  Piilani Highway near Kaupo became intermittently washed out by heavy rains.  Rock and land slides occurred near Boy Scout, Camp Maluhia, and Kahakuloa.  Rock slides and road flooding affected Piilani Highway near Kanaio, while minor street flooding became a nuisance in Kahului.",8
5161653,MAUI CO.,PAUWELA,10/28/2000,1815,Flash Flood, , ,0,0,0,0,HI,HST, ,1103983,C,9,HFO,0,0,OFFICIAL NWS OBS., , , , , , , ,PAUWELA,10/28/2000,2115, , , , ,"","Strong thunderstorms along the northeast-facing slopes of Haleakala in East Maui caused heavy runoff that affected the Hana Highway below.  Maui police had to rescue several motorists surprised by the sudden deluge, especially along the roadway between Kailua and Nahiku.",9
5161718,MAUI CO.,WAIALUA,10/29/2000,1548,Flash Flood, , ,0,0,0,0,HI,HST, ,1103988,C,9,HFO,0,0,NWS STORM SURVEY, , , , , , , ,WAIALUA,10/29/2000,1630, , , , ,"","Heavy rain caused severe flooding of Molokai's Waialua and Kainalu streams.  Ten homes were damaged in the Kainalu Valley.  Bridges along the Kamehameha Highway crossing the Waialua and Kainalu streams were impassable.  The water level rose 13 feet at the Waialua Bridge.  A man was rescued from an inundated vehicle near Puko'o.",10
5273108,MAUI CO.,KAUNAKAKAI,11/27/2001,340,Flash Flood, , ,0,0,0,0,HI,HST, ,1124754,C,9,HFO,0,0,EMERGENCY MANAGER, , , , , , , ,KAUNAKAKAI,11/27/2001,545, , , , ,"","Heavy rain, showers, and isolated thunderstorms flooded roadways and closed a community recreation area, One Alii Park, due to high water.  The heavy rainfall also forced the closure of schools throughout Molokai.  There were no reports of serious injuries, however.",11
5278605,MAUI CO.,COUNTYWIDE,01/29/2002,1100,Flash Flood, , ,0,0,2500000,0,HI,HST, ,1130688,C,9,HFO,0,0,NEWSPAPER, , , , , , , ,COUNTYWIDE,01/29/2002,1435, , , , ,"","Heavy showers and isolated thunderstorms resulted in nine or ten luxury apartments being flooded near the Manele Golf Course on Lanai.  In Maui, flood waters entered the basement of the Lahaina Hongwanji Mission.  Some homes on Molokai and West Maui were also damaged.  However, there were no reports of serious injuries.",12
5304195,MAUI CO.,WAILUKU,07/26/2002,1300,Flash Flood, , ,0,0,0,0,HI,HST, ,1138249,C,9,HFO,0,0,NEWSPAPER, , , ,4,NW,4,NW,WAILUKU,07/26/2002,1600, , , , ,"","Localized heavy rain embedded within a band of trade showers caused a normally shallow ford along the Waihee Stream in West Maui to rise five feet within a short amount of time.  Four hikers trapped by the rising waters were rescued by the Maui Fire Department's Air One helicopter three miles up the stream.",13
5325080,MAUI CO.,MAUNALOA,10/15/2002,330,Flash Flood, , ,0,0,0,0,HI,HST, ,2151902,C,9,HFO,0,0,OFFICIAL NWS OBS., , , ,4,NNW,4,NNW,MAUNALOA,10/15/2002,515, , , , ,"","Heavy showers and thunderstorms produced flash flooding at several locations along Kaluakoi Road upslope from the Kaluakoi Resort at the western end of Molokai.  Two sections of the road surface were eroded.  No structures were damaged, however, and there were no reports of serious injuries.",14
5325081,MAUI CO.,WAILEA,10/15/2002,515,Flash Flood, , ,0,0,90000,0,HI,HST, ,2151903,C,9,HFO,0,0,OFFICIAL NWS OBS., , , ,6,E,6,E,WAILEA,10/15/2002,730, , , , ,"","Severe flash flooding occurred in the Kula area of East Maui near Waipoli Road.  A deluge of water sent boulders, mud, and large eucalyptus trees down a steep mountainside gulch in a nearby subdivision.  One resident described the sound of the flash flood to be like Niagara Falls, thunder, and a freight train.  Damage to an 8-inch iron waterline in a gulch near Kawehi Place left 400 homes without drinking water.  Rainfall from spotters in the area was measured at a rate of 5 to 6 inches per hour.  There were no reports of serious injuries.",15
5325082,MAUI CO.,LANAI CITY,10/15/2002,602,Flash Flood, , ,0,0,8000,0,HI,HST, ,2151904,C,9,HFO,0,0,OFFICIAL NWS OBS., , , ,6,SSE,6,SSE,LANAI CITY,10/15/2002,930, , , , ,"","Heavy showers and thunderstorms produced flash flooding along Manele Road and New Manele Road on the isle of Lanai.  Minor property damage to a condominium occurred at one location within the Manele Bay Resort, in an area with poor surface drainage.  However, no injuries were reported.",16
5325179,MAUI CO.,LAHAINA,10/15/2002,651,Flash Flood, , ,0,0,0,0,HI,HST, ,2151914,C,9,HFO,0,0,OFFICIAL NWS OBS., , , ,1,N,1,N,LAHAINA,10/15/2002,1010, , , , ,"","Heavy showers and thunderstorms caused flash flooding along the Kanaha Stream, where water levels rose 15 to 20 feet.  The caretaker who maintains the water intake at the stream reported the worst erosion along the stream bank over the past 10 years.  The high waters from the Kanaha Stream swept down the valley to the Kahoma Stream flood control channel with no indication of significant downstream structural damage.  There were no reports of serious property damage or injuries elsewhere.",17
5325180,MAUI CO.,KIHEI,10/15/2002,730,Flash Flood, , ,0,0,0,0,HI,HST, ,2151915,C,9,HFO,0,0,GENERAL PUBLIC, , , , , , , ,KIHEI,10/15/2002,1015, , , , ,"","Several Kihei residents in East Maui reported flash flooding along South Kihei Road near the Maui Lu Resort.  Water levels rose nearly 4 feet along some of the low-lying areas of the road.  No serious injuries or property damage were reported.",18
5325181,MAUI CO.,KAUNAKAKAI,10/17/2002,228,Flash Flood, , ,0,0,70000,0,HI,HST, ,2151916,C,9,HFO,0,0,GENERAL PUBLIC, , , ,2,WNW,2,WNW,KAUNAKAKAI,10/17/2002,530, , , , ,"","Heavy showers and thunderstorms flooded streams and several homes in Kalamaula on the isle of Molokai.  One resident reported water levels up to 9 feet deep on his property, with 3 to 4 feet of water on the bottom floor of a two-story house.  No serious injuries were reported, however.",19
5327476,MAUI CO.,KIPAHULU,04/10/2003,1630,Flash Flood, , ,2,0,0,0,HI,HST, ,2152103,C,9,HFO,0,0,NEWSPAPER, , , ,2,N,2,N,KIPAHULU,04/10/2003,1830, , , , ,"","A 6-foot wall of water moving down Palikea Stream in Haleakala National Park, in the southeast part of East Maui, swept a Kentucky man and his daughter over a 184-foot precipice at Makahiku Falls.  Heavy showers falling at the higher elevations of Mt. Haleakala generated flash flooding conditions over eastern and southeastern parts of the Valley Isle.",20
5327477,MAUI CO.,HANA,04/10/2003,1740,Flash Flood, , ,0,0,0,0,HI,HST, ,2152104,C,9,HFO,0,0,NEWSPAPER, , , , , , , ,HANA,04/10/2003,1835, , , , ,"","Four Ohio visitors became stranded as a stream near Ulaino Road in Hana became swollen by heavy showers falling over the windward-facing slopes of Mt. Haleakala in East Maui.  Maui fire officials used a helicopter to rescue the group.  There were no serious injuries or property damage.",21
5327895,MAUI CO.,KEANAE,11/28/2003,2110,Flash Flood, , ,0,0,0,0,HI,HST, ,2152175,C,9,HFO,0,0,OFFICIAL NWS OBS., , , , , , , ,KEANAE,11/28/2003,2235, , , , ,"","The gauge at Oheo Gulch on the island of Maui showed a peak stage of 7.96 feet in the later evening hours on the 28th.  This indicated that flash flooding was likely occurring in eastern parts of the isle.  However, no serious injuries or property damage were reported.",22
5431665,MAUI CO.,KAUNAKAKAI,01/01/2004,1400,Flash Flood, , ,0,0,0,0,HI,HST, ,1183374,C,9,HFO,0,0,DEPT OF HIGHWAYS, , , ,17,E,17,E,KAUNAKAKAI,01/01/2004,1645, , , , ,"","Heavy showers, rain, and isolated thunderstorms forced the closure of Kamehameha V Highway near mile post 2 in East Molokai, near Waialua.  However, there were no reports of serious injuries or property damage.",23
5432344,MAUI CO.,MAALAEA,01/23/2004,210,Flash Flood, , ,0,0,0,0,HI,HST, ,1183391,C,9,HFO,0,0,DEPT OF HIGHWAYS, , , , , , , ,MAALAEA,01/23/2004,430, , , , ,"","Heavy showers and thunderstorms forced the closure of Honoapiilani Highway near Maalaea Bay and the town of Maalaea.  The heavy rain also caused small stream and drainage ditch flooding, and ponding of roadways in other parts of Maui.  No serious property damage or injuries were reported.",24
5431062,MAUI CO.,KAUNAKAKAI,02/27/2004,1900,Flash Flood, , ,0,0,0,0,HI,HST, ,1183219,C,9,HFO,0,0,GOVT OFFICIAL, , , ,9,ESE,9,ESE,KAUNAKAKAI,02/27/2004,2330, , , , ,"","Thunderstorms and heavy rain with a cold front generated flash flooding along Kamehameha V Highway near Kamalo on the island of Molokai.  The deep water closed the highway near Kamalo for several hours.  However, no serious property damage or injuries were reported.",25
5431595,MAUI CO.,KIPAHULU,08/03/2004,1127,Flash Flood, , ,0,0,0,0,HI,HST, ,1183288,C,9,HFO,0,0,OFFICIAL NWS OBS., , , , , , , ,KIPAHULU,08/03/2004,1555, , , , ,"","Heavy rain, showers, and isolated thunderstorms, produced by an upper trough enhancing the remnants of Hurricane Darby, caused flash flooding over southern coastal and lower upslope sections of East Maui.  Piilani Highway was closed for a time near Kaupo because of deep ponding over the road surface.  There were no reports, however, of serious injuries or property damage.",26
5495605,MAUI CO.,MAUNALOA,03/23/2006,746,Flash Flood, , ,0,0,0,0,HI,HST, ,1205134,C,9,HFO,0,0,EMERGENCY MANAGER, , , , , , , ,MAUNALOA,03/23/2006,1019,21.13333,-157.21667,21.2,-156.98333,"","Heavy showers and isolated thunderstorms moved through the western half of Molokai.  Ponding on roadways was commonplace, as was drainage ditch and small stream flooding.  Flooding in Kaunakakai caused damage to a bakery.  There were no reports of serious injuries.  Damage estimates were not available.",27
5495607,MAUI CO.,LAHAINA,03/23/2006,2330,Flash Flood, , ,0,0,0,0,HI,HST, ,1205136,C,9,HFO,0,0,EMERGENCY MANAGER, , , , , , , ,LAHAINA,03/24/2006,303,20.88333,-156.68333,20.88333,-156.5,"","Honoapiilani Highway in Lahaina, near Kekaa Drive, was closed for a time by flood waters from heavy showers that were moving through West Maui.  The rain affected communities from Lahaina across the West Maui Mountains to Wailuku.  There were no reports of serious property damage or injuries.",28
5495617,MAUI CO.,KAHAKULOA,03/31/2006,1615,Flash Flood, , ,0,0,0,0,HI,HST, ,1205146,C,9,HFO,0,0,EMERGENCY MANAGER, , , , , , , ,KAHAKULOA,03/31/2006,1647,21,-156.55,20.88333,-156.5,"","Heavy showers in windward West Maui produced flooding conditions from Kahakuloa to Wailuku.  A business on Wilipaa Loop in Wailuku suffered water damage from localized flooding in that area.  Damage estimates were not available.  No serious injuries were reported.",29
1416,MAUI CO.,WAILEA,10/16/2006,845,Flash Flood, , ,0,0,0,0,HI,HST-10, ,354,C,9,HFO,0,0,Law Enforcement,Heavy Rain, , ,1,E,1,E,WAILEA,10/16/2006,1032,20.67,-156.45,20.67,-156.45,"Piilani Highway closed for a time near Okolani Drive because of high water.","Heavy rain with thunderstorms, and flash flooding events occurred as a cold front and upper trough approached and then passed over the islands, beginning the 12th and ending on the 21st.  There were no serious injuries or property damage reported.",30
1417,MAUI CO.,KIHEI,10/16/2006,1258,Flash Flood, , ,0,0,0,0,HI,HST-10, ,354,C,9,HFO,0,0,Emergency Manager,Heavy Rain, , ,2,N,2,N,KIHEI,10/16/2006,2042,20.78,-156.45,20.78,-156.45,"Junction of Piilani and Mokulele highways closed for a time because of high water and debris on the roadways.","Heavy rain with thunderstorms, and flash flooding events occurred as a cold front and upper trough approached and then passed over the islands, beginning the 12th and ending on the 21st.  There were no serious injuries or property damage reported.",31
4154,MAUI CO.,HALAWA VALLEY,11/02/2006,1415,Flash Flood, , ,0,0,0,0,HI,HST-10, ,971,C,9,HFO,0,0,Emergency Manager,Heavy Rain, , ,0,N,4,SW,KALAUPAPA,11/02/2006,1902,21.17,-156.75,21.16,-157.02,"Heavy showers and isolated thunderstorms in eastern and central sections of Molokai forced county officials to close Highway 450 for a few hours between mile markers 4 and 13 because of deep water on the roadway.  Ohia Bridge near mile marker 4 was also closed for a time due to flooding and debris on the road surface.  Additionally, several schools closed in the early afternoon hours in easten and central Molokai because of the torrential downpours. However, there were no reports of serious property damage or injuries.","Remnant showery low clouds from an old shear line became energized by an upper trough over the Hawaiian Islands.  This led to several heavy rain and flash flood events, plus high winds and waterspouts.",32
4153,MAUI CO.,PUKALANI,11/02/2006,1415,Flash Flood, , ,0,0,0,0,HI,HST-10, ,971,C,9,HFO,0,0,Emergency Manager,Heavy Rain, , ,5,SSE,0,N,LAHAINA,11/02/2006,1905,20.77,-156.32,20.88,-156.68,"Heavy showers and thunderstorms affected the Valley Isle from western parts of East Maui to leeward coastal areas of West Maui.  A section of Haleakala Highway, around 2 miles southeast of Kahului, was closed for a time by flooding.  The junction of Mokulele and Piilani highways became flooded during the afternoon hours on the 2nd as well.  However, no serious property damage or injuries were reported.|","Remnant showery low clouds from an old shear line became energized by an upper trough over the Hawaiian Islands.  This led to several heavy rain and flash flood events, plus high winds and waterspouts.",33
6755,MAUI CO.,KAHULUI,12/02/2006,1600,Flash Flood, , ,0,0,0,0,HI,HST-10, ,1446,C,9,HFO,0,0,Emergency Manager,Heavy Rain, , ,0,N,0,N,MAKAWAO,12/02/2006,1945,20.9,-156.47,20.85,-156.32,"Heavy showers in northern parts of Maui's Central Valley and over the northwest-facing slopes of Haleakala in East Maui generated flooding conditions in Baldwin Beach Park and a landslide on Haleakala Highway.  The debris on the highway forced county officials to close the roadway between Haliimaile Road and Hana Highway for a few hours in the afternoon. However, there were no reports of serious property damage or injuries.|","An upper level trough helped trigger heavy rain over portions of Maui and the Big Island of Hawaii.",34
63789,MAUI CO.,KAWELA,11/05/2007,100,Flash Flood, , ,0,0,0,0,HI,HST-10, ,11603,C,9,HFO,0,0,County Official,Heavy Rain, , ,0,N,1,ESE,KAWELA,11/05/2007,800,21.07,-156.97,21.0659,-156.9593,"Heavy rain caused flash flooding conditions in the southern part of Molokai.  Kamehameha V Highway near Kawela was closed for a time by water and two feet of mud that had overflowed the roadway from the nearby Kawela Gulch.","A kona low initially developed north of Hawaii and generated showers, thunderstorms, and drenching rain across much of the state.  The system caused flash flooding in a couple of instances.  Damage estimates were not available. There were no reports of serious injuries.",35
67603,MAUI CO.,KIHEI,12/05/2007,1315,Flash Flood, , ,0,0,0,0,HI,HST-10, ,12271,C,9,HFO,0,0,Emergency Manager,Heavy Rain, , ,1,NW,1,NW,KIHEI,12/05/2007,1739,20.7594,-156.4583,20.7592,-156.4569,"Heavy rain caused flash flooding along South Kihei Road near Hoonani in Kihei on the island of Maui.","A powerful winter storm brought heavy rains, thunderstorms, high winds, and blizzard conditions to Hawaii in the early part of December.  A strong low pressure system northwest of Kauai, along with a cold front moving through the islands, caused significant damage across the state.  One fatality can be attributed to the storm, and two known injuries.  Trees were toppled, along with power poles and lines.  Flash flooding damaged homes, and the inclement weather snarled traffic.  The state estimates total damages to be about $5 million.",36
67619,MAUI CO.,KEOKEA,12/05/2007,1325,Flash Flood, , ,0,1,0,0,HI,HST-10, ,12271,C,9,HFO,0,0,Emergency Manager,Heavy Rain, , ,1,SE,1,ESE,KEOKEA,12/05/2007,1739,20.711,-156.357,20.7108,-156.3517,"A home was washed off its foundation in Keokea in Upcountry Maui by flood waters, and two persons were then rescued by helicopter.  Another individual was injured in this event.","A powerful winter storm brought heavy rains, thunderstorms, high winds, and blizzard conditions to Hawaii in the early part of December.  A strong low pressure system northwest of Kauai, along with a cold front moving through the islands, caused significant damage across the state.  One fatality can be attributed to the storm, and two known injuries.  Trees were toppled, along with power poles and lines.  Flash flooding damaged homes, and the inclement weather snarled traffic.  The state estimates total damages to be about $5 million.",37
67659,MAUI CO.,HALAWA VALLEY,12/31/2007,1115,Flash Flood, , ,0,0,0,0,HI,HST-10, ,12298,C,9,HFO,0,0,COOP Observer,Heavy Rain, , ,1,S,1,S,HALAWA VALLEY,12/31/2007,1321,21.1614,-156.7483,21.1537,-156.75,"Heavy showers caused flash flooding in the eastern part of Molokai.  Water was running over the bridge at Halawa Valley.","An upper trough and a shear line at the surface combined to produce heavy showers over the islands, with Oahu and Molokai seeing the most significant events.",38
76658,MAUI CO.,KAMALO,02/07/2008,1902,Flash Flood, , ,0,0,0,0,HI,HST-10, ,13687,C,9,HFO,0,0,Emergency Manager,Heavy Rain, , ,0,SE,0,ESE,KAMALO,02/07/2008,2033,21.0471,-156.8766,21.0482,-156.8764,"Flood waters closed a portion of Kamehameha V Highway near Kamalo on the island of Molokai.","Heavy showers and thunderstorms continued across the Aloha State as an upper trough and a moist trade flow combined to adversely affect the islands.",39
138346,MAUI CO.,PUKOO,11/18/2008,751,Flash Flood, , ,0,0,0,0,HI,HST-10, ,23716,C,9,HFO,0,0,Law Enforcement,Heavy Rain, , ,3,W,1,NE,KAMALO,11/18/2008,1117,21.0743,-156.8422,21.0634,-156.8628,"Heavy rain forced the closure of Kamehameha V Highway near Mile Post 11 for a time.  No serious injuries or property damage were reported.","An upper trough moving over the islands helped destabilize remnant shear line cloudiness.  This led to heavy rain over parts of Maui County and the Big Island of Hawaii.  There were no reports of serious injuries or property damage.",40
144608,MAUI CO.,KAUPO,12/26/2008,905,Flash Flood, , ,0,0,0,0,HI,HST-10, ,24865,C,9,HFO,0,0,Emergency Manager,Heavy Rain, , ,1,N,1,NNW,KAUPO,12/26/2008,1015,20.6399,-156.1213,20.6389,-156.1256,"Heavy rain forced officials to close Kaupo Road at Pahihi Gulch on the island of Maui.","An upper low and trough induced heavy showers and thunderstorms, especially on the Valley Isle of Maui and the Big Island of Hawaii.  There were no significant damages or injuries.  Most of the problems were with road closures.",41
144609,MAUI CO.,KIPAHULU,12/27/2008,2335,Flash Flood, , ,0,0,0,0,HI,HST-10, ,24865,C,9,HFO,0,0,Emergency Manager,Heavy Rain, , ,1,ENE,1,NE,KIPAHULU,12/28/2008,435,20.6588,-156.0517,20.6555,-156.0628,"The Kalepa Bridge near Kipahulu on the island of Maui became impassable as flood waters rose in the area.","An upper low and trough induced heavy showers and thunderstorms, especially on the Valley Isle of Maui and the Big Island of Hawaii.  There were no significant damages or injuries.  Most of the problems were with road closures.",42
267560,MAUI CO.,I KIHEI,12/26/2010,55,Flash Flood, , ,0,0,0,0,HI,HST-10, ,46154,C,9,HFO,0,0,Law Enforcement,Heavy Rain, , ,1,NW,1,NW,I KIHEI,12/26/2010,547,20.78,-156.4618,20.7774,-156.4608,"Maui police close a portion of South Kihei Road because of flooding.  Culverts and ditches were overflowing onto the street.","A weather system west of the Aloha State triggered showers and thunderstorms across the islands.  Flash flooding and heavy rain events were commonplace, as was the case earlier in the month.  No serious injuries were reported.  Damage estimates were not available.",43
274170,MAUI CO.,OLOWALU,01/10/2011,1825,Flash Flood, , ,0,0,0,0,HI,HST-10, ,47133,C,9,HFO,0,0,Law Enforcement,Heavy Rain, , ,1,NNE,2,NE,OLOWALU,01/10/2011,2110,20.8115,-156.6229,20.8146,-156.612,"Flooding and debris flow across parts of Honoapiilani Highway between Maalaea and Olowalu on Maui forced county officials to close the road for a time.","A cold front passing through the islands generated heavy rain and showers, causing flash flooding in parts of Maui.  No serious injuries were reported.  The costs of any damages were not available.",44
274279,MAUI CO.,KAWELA,01/13/2011,200,Flash Flood, , ,0,0,0,0,HI,HST-10, ,47146,C,9,HFO,0,0,Law Enforcement,Heavy Rain, , ,0,E,1,E,KAWELA,01/13/2011,344,21.0703,-156.9636,21.0677,-156.9569,"Heavy rain caused a debris flow that closed Kamehameha V Highway for a time near Kawela on the island of Molokai.","A strong cold front produced heavy rain, thunderstorms, and flash flooding over much of the island chain, and even heavy snow over the summits of Mauna Kea and Mauna Loa on the Big Island of Hawaii.  The system also induced strong winds ahead of it.  The costs of damages were not available.  No serious injuries were reported.",45
277085,MAUI CO.,KIHEI,02/11/2011,1555,Flash Flood, , ,0,0,0,0,HI,HST-10, ,47550,C,9,HFO,0,0,Emergency Manager,Heavy Rain, , ,1,WNW,0,NW,KIHEI,02/11/2011,1840,20.7547,-156.4576,20.7546,-156.4556,"Heavy rain caused flooding along South Kihei Road in Kihei on the island of Maui.","A cold front advancing from the west brought heavy rain, showers, thunderstorms, and a weak tornado over the western parts of the island chain, causing flash flooding in parts of Oahu and Maui.  There were no reports of serious injuries.  Any property damage costs were not available.",46
365968,MAUI CO.,WAIANAPANAPA SP,03/09/2012,145,Flash Flood, , ,0,0,0,0,HI,HST-10, ,61210,C,9,HFO,0,0,Emergency Manager,Heavy Rain, , ,2,WNW,2,WNW,WAIANAPANAPA SP,03/09/2012,1124,20.7873,-156.0258,20.7863,-156.0228,"Bridge at mile marker 29.5 along the Hana Highway was impassable due to flooding waters.","A cold front and an upper-level low combined to generate severe weather across much of the Aloha State.  Significant weather included thunderstorms, flash flooding, record-setting hail, and a tornado.  Although the total cost of damages was not available for the entire state, preliminary numbers include $2 million in infrastructure damage on Kauai and $3.2 million in Maui.  There were no reports of fatalities or serious injuries.",47
365969,MAUI CO.,PAUWELA,03/09/2012,145,Flash Flood, , ,0,0,0,0,HI,HST-10, ,61210,C,9,HFO,0,0,Emergency Manager,Heavy Rain, , ,1,WNW,0,WNW,PAUWELA,03/09/2012,1124,20.9336,-156.3288,20.933,-156.3263,"Debris flow occurred along Hana Highway at mile marker 11.","A cold front and an upper-level low combined to generate severe weather across much of the Aloha State.  Significant weather included thunderstorms, flash flooding, record-setting hail, and a tornado.  Although the total cost of damages was not available for the entire state, preliminary numbers include $2 million in infrastructure damage on Kauai and $3.2 million in Maui.  There were no reports of fatalities or serious injuries.",48
365977,MAUI CO.,HANA,03/09/2012,330,Flash Flood, , ,0,0,0,0,HI,HST-10, ,61210,C,9,HFO,0,0,Public,Heavy Rain, , ,1,SSW,1,SSW,HANA,03/09/2012,1124,20.7548,-155.9868,20.7549,-155.986,"The Hana Hotel on Maui reported rising stream waters entered the building, washed over the road, and washed mud into surrounding areas and the swimming pool.","A cold front and an upper-level low combined to generate severe weather across much of the Aloha State.  Significant weather included thunderstorms, flash flooding, record-setting hail, and a tornado.  Although the total cost of damages was not available for the entire state, preliminary numbers include $2 million in infrastructure damage on Kauai and $3.2 million in Maui.  There were no reports of fatalities or serious injuries.",49
425220,MAUI CO.,WAILUKU,01/28/2013,1057,Flash Flood, , ,0,0,0,0,HI,HST-10, ,70795,C,9,HFO,0,0,Emergency Manager,Heavy Rain, , ,1,NNW,1,NNW,WAILUKU,01/28/2013,1203,20.8913,-156.5032,20.8913,-156.5039,"Flood waters overwhelmed a drainage system and swamped a business along North Market Street in Wailuku.","A winter storm system triggered heavy rain and flash flooding over the islands from Kauai to Maui.  There were no reports of serious injuries.  The costs of property damage were not available.",50
430582,MAUI CO.,KOKOMO,02/21/2013,1303,Flash Flood, , ,0,0,0,0,HI,HST-10, ,71591,C,9,HFO,0,0,County Official,Heavy Rain, , ,0,WSW,0,WSW,KOKOMO,02/21/2013,2353,20.8678,-156.3066,20.8677,-156.306,"Kaupakalua Road was closed near Haiku and Makawao avenues in Makawao because of high water.","Heavy rain brought flash flooding, mainly to the Valley Isle of Maui.  There were no reports of serious injuries.  The costs of any property damage were not available.",51
430596,MAUI CO.,KAUPAKULUA,02/21/2013,1453,Flash Flood, , ,0,0,0,0,HI,HST-10, ,71591,C,9,HFO,0,0,County Official,Heavy Rain, , ,1,NNE,1,NE,KAUPAKULUA,02/21/2013,2353,20.8873,-156.2964,20.8863,-156.2952,"Kaupakalua Road was closed between West Kuiaha Road and Awalau Road because of high water.","Heavy rain brought flash flooding, mainly to the Valley Isle of Maui.  There were no reports of serious injuries.  The costs of any property damage were not available.",52
430612,MAUI CO.,KOKOMO,02/21/2013,1509,Flash Flood, , ,0,0,0,0,HI,HST-10, ,71591,C,9,HFO,0,0,County Official,Heavy Rain, , ,1,SW,0,SW,KOKOMO,02/21/2013,2353,20.8652,-156.3076,20.8652,-156.3056,"Makawao Avenue was closed between Kee Road and Kokomo Road because of high water.","Heavy rain brought flash flooding, mainly to the Valley Isle of Maui.  There were no reports of serious injuries.  The costs of any property damage were not available.",53
430618,MAUI CO.,MAKAWAO,02/21/2013,1559,Flash Flood, , ,0,0,0,0,HI,HST-10, ,71591,C,9,HFO,0,0,County Official,Heavy Rain, , ,1,NE,1,ENE,MAKAWAO,02/21/2013,2353,20.8559,-156.3111,20.8557,-156.3102,"Brewer Road was closed and impassable due to high water from rainfall.","Heavy rain brought flash flooding, mainly to the Valley Isle of Maui.  There were no reports of serious injuries.  The costs of any property damage were not available.",54
430637,MAUI CO.,KOKOMO,02/21/2013,1720,Flash Flood, , ,0,0,0,0,HI,HST-10, ,71591,C,9,HFO,0,0,County Official,Heavy Rain, , ,1,SW,1,SW,KOKOMO,02/21/2013,2353,20.8617,-156.3107,20.8616,-156.3083,"Kee Road was closed between Makawao Avenue and Baldwin Avenue due to flooding.","Heavy rain brought flash flooding, mainly to the Valley Isle of Maui.  There were no reports of serious injuries.  The costs of any property damage were not available.",55
430684,MAUI CO.,KOKOMO,02/21/2013,1930,Flash Flood, , ,0,0,0,0,HI,HST-10, ,71591,C,9,HFO,0,0,County Official,Heavy Rain, , ,1,SW,1,SSW,KOKOMO,02/21/2013,2353,20.8592,-156.3078,20.8591,-156.3059,"Makawao Avenue was closed between Piiholo and Kokomo Road, also between Apana and Laie Road.","Heavy rain brought flash flooding, mainly to the Valley Isle of Maui.  There were no reports of serious injuries.  The costs of any property damage were not available.",56
430713,MAUI CO.,HALIIMAILE,02/21/2013,2120,Flash Flood, , ,0,0,0,0,HI,HST-10, ,71591,C,9,HFO,0,0,County Official,Heavy Rain, , ,1,ENE,1,ENE,HALIIMAILE,02/21/2013,2353,20.8724,-156.322,20.8729,-156.3193,"Kaluanui Road and Kealaloa Avenue were closed due to flooding.","Heavy rain brought flash flooding, mainly to the Valley Isle of Maui.  There were no reports of serious injuries.  The costs of any property damage were not available.",57
462044,MAUI CO.,KEAWAKAPU,07/29/2013,1857,Flash Flood, , ,0,0,0,0,HI,HST-10, ,76550,C,9,HFO,0,0,Fire Department/Rescue,Heavy Rain, , ,1,E,1,E,KEAWAKAPU,07/29/2013,2040,20.6973,-156.432,20.6977,-156.4313,"Three feet of water was diverted from a clogged stream and then damaged a home in the Kihei/Wailea area, in the Maui Meadows subdivision.","Flossie, downgraded to tropical depression status as it neared Maui at 1700 HST on the 29th, affected the state from July 28th through the 30th, though high surf continued through the 31st on the Big Island of Hawaii.  The system brought surf of 8 to 15 feet along east-facing shores of most islands, thunderstorms, heavy rain and a flash flood, and wind.  One man was injured by lightning on Maui, and power outages occurred on the Big Island, Maui, and Molokai.  The cost of damages was not available.",58
480367,MAUI CO.,WAILUKU,11/10/2013,54,Flash Flood, , ,0,0,0,0,HI,HST-10, ,80117,C,9,HFO,0,0,Broadcast Media,Heavy Rain, , ,1,NNW,1,NNW,WAILUKU,11/10/2013,411,20.8917,-156.5041,20.8918,-156.5038,"Fire crew responded to report of flooding at 399 N. Market Street in Wailuku.  High water affected a church building and nearby apartments.","An upper level low north of the islands combined with a surface trough and shear line to produce heavy rain and flash flooding over parts of the Aloha State.  There were no reports of serious injuries.  The cost of damages was not available.",59
480368,MAUI CO.,WAILUKU,11/10/2013,121,Flash Flood, , ,0,0,0,0,HI,HST-10, ,80117,C,9,HFO,0,0,Broadcast Media,Heavy Rain, , ,1,E,1,E,WAILUKU,11/10/2013,411,20.8808,-156.4866,20.8809,-156.4862,"A home became flooded along Holua Drive in Kahului.","An upper level low north of the islands combined with a surface trough and shear line to produce heavy rain and flash flooding over parts of the Aloha State.  There were no reports of serious injuries.  The cost of damages was not available.",60
480370,MAUI CO.,PUUNENE,11/10/2013,136,Flash Flood, , ,0,0,0,0,HI,HST-10, ,80117,C,9,HFO,0,0,Broadcast Media,Heavy Rain, , ,1,NNW,1,N,PUUNENE,11/10/2013,411,20.8825,-156.4727,20.8824,-156.4723,"A home became flooded along S. Kamehameha Avenue in  Kahului.","An upper level low north of the islands combined with a surface trough and shear line to produce heavy rain and flash flooding over parts of the Aloha State.  There were no reports of serious injuries.  The cost of damages was not available.",61
480372,MAUI CO.,PUUNENE,11/10/2013,203,Flash Flood, , ,0,0,0,0,HI,HST-10, ,80117,C,9,HFO,0,0,Broadcast Media,Heavy Rain, , ,1,NW,1,NW,PUUNENE,11/10/2013,411,20.8839,-156.4808,20.8841,-156.4804,"A home became flooded along Aleo Place in Kahului.","An upper level low north of the islands combined with a surface trough and shear line to produce heavy rain and flash flooding over parts of the Aloha State.  There were no reports of serious injuries.  The cost of damages was not available.",62
480373,MAUI CO.,WAILUKU,11/10/2013,212,Flash Flood, , ,0,0,0,0,HI,HST-10, ,80117,C,9,HFO,0,0,Broadcast Media,Heavy Rain, , ,1,ENE,1,ENE,WAILUKU,11/10/2013,411,20.8832,-156.4888,20.8835,-156.4883,"A home became flooded along Pala Circle in Kahului.","An upper level low north of the islands combined with a surface trough and shear line to produce heavy rain and flash flooding over parts of the Aloha State.  There were no reports of serious injuries.  The cost of damages was not available.",63
480374,MAUI CO.,WAILUKU,11/10/2013,218,Flash Flood, , ,0,0,0,0,HI,HST-10, ,80117,C,9,HFO,0,0,Broadcast Media,Heavy Rain, , ,1,E,1,E,WAILUKU,11/10/2013,411,20.8793,-156.4883,20.8793,-156.4877,"A home became flooded along Palama Drive in Kahului.","An upper level low north of the islands combined with a surface trough and shear line to produce heavy rain and flash flooding over parts of the Aloha State.  There were no reports of serious injuries.  The cost of damages was not available.",64
489052,MAUI CO.,NUU,01/22/2014,1000,Flash Flood, , ,0,0,0,0,HI,HST-10, ,81476,C,9,HFO,0,0,Emergency Manager,Heavy Rain, , ,1,W,0,WSW,NUU,01/22/2014,1130,20.6309,-156.1885,20.6282,-156.1872,"Piilani Highway, or Highway 31, was closed between mile marker 31 and Nuu Landing in East Maui due to high water.  This is the Hawelewele Gulch area near Kaupo.","A cold front moved rapidly through the Aloha State.  There were only limited areas of heavy rain as the system moved from west to east across the island chain, though a flash flood did occur in East Maui.  Also, a male tourist was struck by a falling branch at a golf course on Oahu and died from his injuries.||Power poles and lines, and trees, were downed in several areas as the front pushed through the state; a metal roof was blown off a home in Kunia Camp on Oahu; and three boats ran aground, and a boat lost its moorings, near Hilo on the Big Island.  Very strong winds also occurred over the Big Island summits.",65
528463,MAUI CO.,KAHAKULOA,07/20/2014,920,Flash Flood, , ,0,0,0,0,HI,HST-10, ,87456,C,9,HFO,0,0,Broadcast Media,Heavy Rain, , ,0,SSE,0,SSE,KAHAKULOA,07/20/2014,1018,20.9959,-156.5485,20.9958,-156.5481,"Flooding in Kahakuloa Stream inundated the bridge in Kahakuloa town in windward West Maui and briefly closed Kahekili Highway in that area.","An upper trough near the Hawaiian Islands acted on remnant moisture from former Tropical Storm Wali to generate heavy showers and thunderstorms.  The rain was intense enough to produce flash flooding in windward parts of Oahu and in windward West Maui.  Strong winds accompanied the precipitation, and blew down trees and damaged homes.  Also, a man, snorkeling with a group, died when he succumbed to strong winds and high waves that battered the area off Maui on the 20th.||The cost of damages to homes and other structures, and other physical property, was not available.",66
548763,MAUI CO.,KOKOMO,12/22/2014,2016,Flash Flood, , ,0,0,0,0,HI,HST-10, ,91574,C,9,HFO,0,0,Law Enforcement,Heavy Rain, , ,1,WSW,0,WSW,KOKOMO,12/23/2014,434,20.8668,-156.308,20.8665,-156.3061,"Kahului Police reported flooding around Maliko Gulch and Makawao Avenue.","A front at the surface and its accompanying upper air trough brought heavy downpours and thunderstorms to the islands.  Flash flooding conditions developed on Maui, the Big Island of Hawaii, and Kauai as the system slowly made its way through the Aloha State. High winds and blizzard conditions also occurred at the summits of Mauna Kea and Mauna Loa on the Big Island of Hawaii.  There were no reports of significant injuries or property damage, though more than 60 hikers had to be evacuated from Kalalau Valley on the north side of Kauai on December 24th after multiple streams became impassable because of several days of moderate to heavy rain.",67
548786,MAUI CO.,KAUNAKAKAI,12/23/2014,2000,Flash Flood, , ,0,0,0,0,HI,HST-10, ,91574,C,9,HFO,0,0,Emergency Manager,Heavy Rain, , ,1,WNW,0,S,KAUNAKAKAI,12/23/2014,2113,21.1022,-157.0379,21.0968,-157.0295,"Maunaloa Highway was closed at the Kaunakakai Gulch due to high water on the island of Molokai.","A front at the surface and its accompanying upper air trough brought heavy downpours and thunderstorms to the islands.  Flash flooding conditions developed on Maui, the Big Island of Hawaii, and Kauai as the system slowly made its way through the Aloha State. High winds and blizzard conditions also occurred at the summits of Mauna Kea and Mauna Loa on the Big Island of Hawaii.  There were no reports of significant injuries or property damage, though more than 60 hikers had to be evacuated from Kalalau Valley on the north side of Kauai on December 24th after multiple streams became impassable because of several days of moderate to heavy rain.",68
596152,MAUI CO.,NUU,08/17/2015,1958,Flash Flood, , ,0,0,0,0,HI,HST-10, ,99265,C,9,HFO,0,0,Law Enforcement,Heavy Rain, , ,0,ESE,0,E,NUU,08/17/2015,2115,20.6287,-156.1769,20.6294,-156.1725,"Water over the road forced the closure of Piilani Highway at mile marker 29 in the Nuu area, not far from Kaupo on the island of Maui.","With low- and high-level features destabilizing a very moist, tropical air mass; intense showers and isolated thunderstorms developed over parts of the Aloha State. The rain caused small stream and drainage ditch flooding, ponding on roadways, and areas of flash flooding.",69
596158,MAUI CO.,KEOKEA,08/20/2015,1630,Flash Flood, , ,0,0,0,0,HI,HST-10, ,99265,C,9,HFO,0,0,County Official,Heavy Rain, , ,2,SSW,2,SSW,KEOKEA,08/20/2015,1852,20.6908,-156.3794,20.6926,-156.3782,"Kula Highway in Upcountry Maui closed near Sun Yat Sen Park due to flash flooding and debris on the road.","With low- and high-level features destabilizing a very moist, tropical air mass; intense showers and isolated thunderstorms developed over parts of the Aloha State. The rain caused small stream and drainage ditch flooding, ponding on roadways, and areas of flash flooding.",70
596185,MAUI CO.,KAUPO,08/23/2015,1915,Flash Flood, , ,0,0,0,0,HI,HST-10, ,99266,C,9,HFO,0,0,Law Enforcement,Heavy Rain, , ,1,NNE,2,W,KIPAHULU,08/23/2015,2115,20.6404,-156.1166,20.6466,-156.098,"Flash flooding waters covered Piilani Highway on Maui near Kaupo between mile markers 37 and 38, and near mile marker 29.  The water was deep enough to make the road impassable.","A mesoscale convective system developed near the Aloha State and moved through the area as deep, tropical moisture became entrenched over the region as Tropical Depression Kilo passed south of the islands.  Heavy rain, thunderstorms, and flash flooding were the result of all these ingredients.",71
596202,MAUI CO.,WAIANAPANAPA SP,08/23/2015,2135,Flash Flood, , ,0,0,0,0,HI,HST-10, ,99266,C,9,HFO,0,0,Law Enforcement,Heavy Rain, , ,3,WNW,3,WNW,WAIANAPANAPA SP,08/23/2015,2310,20.8,-156.0427,20.8006,-156.0411,"Ulaino Road near Hana on Maui was closed due to deep water over the surface.","A mesoscale convective system developed near the Aloha State and moved through the area as deep, tropical moisture became entrenched over the region as Tropical Depression Kilo passed south of the islands.  Heavy rain, thunderstorms, and flash flooding were the result of all these ingredients.",72
596223,MAUI CO.,KIPAHULU,08/24/2015,645,Flash Flood, , ,0,0,0,0,HI,HST-10, ,99266,C,9,HFO,0,0,Emergency Manager,Heavy Rain, , ,1,ENE,1,E,KIPAHULU,08/24/2015,1255,20.6528,-156.0585,20.6518,-156.0599,"Parts of Kipahulu on Maui became inaccessible because of flooding on the Hana Highway near the town.","A mesoscale convective system developed near the Aloha State and moved through the area as deep, tropical moisture became entrenched over the region as Tropical Depression Kilo passed south of the islands.  Heavy rain, thunderstorms, and flash flooding were the result of all these ingredients.",73
596224,MAUI CO.,KAUPO,08/24/2015,700,Flash Flood, , ,0,0,0,0,HI,HST-10, ,99266,C,9,HFO,0,0,Emergency Manager,Heavy Rain, , ,1,NE,2,WSW,KIPAHULU,08/24/2015,1255,20.6424,-156.1026,20.6451,-156.0962,"Deep water from heavy rain covered Piilani Highway between mile markers 38 and 39 near Kaupo on the island of Maui.","A mesoscale convective system developed near the Aloha State and moved through the area as deep, tropical moisture became entrenched over the region as Tropical Depression Kilo passed south of the islands.  Heavy rain, thunderstorms, and flash flooding were the result of all these ingredients.",74
596225,MAUI CO.,WAIANAPANAPA SP,08/24/2015,710,Flash Flood, , ,0,0,0,0,HI,HST-10, ,99266,C,9,HFO,0,0,Emergency Manager,Heavy Rain, , ,1,W,1,NNE,HANA,08/24/2015,1255,20.7812,-156.0127,20.7797,-155.9746,"High water from flooding closed the Hana Highway between mile markers 29 and 36 near Hana on the island of Maui.  Several schools in the Hana area, and around Kaunakakai on Molokai, were closed for the day because of the road flooding and power outages.","A mesoscale convective system developed near the Aloha State and moved through the area as deep, tropical moisture became entrenched over the region as Tropical Depression Kilo passed south of the islands.  Heavy rain, thunderstorms, and flash flooding were the result of all these ingredients.",75
596226,MAUI CO.,WAIANAPANAPA SP,08/24/2015,746,Flash Flood, , ,0,0,0,0,HI,HST-10, ,99266,C,9,HFO,0,0,Emergency Manager,Heavy Rain, , ,0,NNW,1,NNW,WAIANAPANAPA SP,08/24/2015,1255,20.7863,-156.0036,20.787,-156.0023,"Flooding waters forced the closure of Wainapanapa State Park north of Hana on the island of Maui.","A mesoscale convective system developed near the Aloha State and moved through the area as deep, tropical moisture became entrenched over the region as Tropical Depression Kilo passed south of the islands.  Heavy rain, thunderstorms, and flash flooding were the result of all these ingredients.",76
596227,MAUI CO.,WAILUKU HEIGHTS,08/24/2015,755,Flash Flood, , ,0,0,0,0,HI,HST-10, ,99266,C,9,HFO,0,0,Emergency Manager,Heavy Rain, , ,2,W,2,W,WAILUKU HEIGHTS,08/24/2015,1255,20.8808,-156.5456,20.8818,-156.5443,"Inundation forced the closure of Iao Valley State Park near Wailuku on the island of Maui.","A mesoscale convective system developed near the Aloha State and moved through the area as deep, tropical moisture became entrenched over the region as Tropical Depression Kilo passed south of the islands.  Heavy rain, thunderstorms, and flash flooding were the result of all these ingredients.",77
596228,MAUI CO.,PUKOO,08/24/2015,756,Flash Flood, , ,0,0,0,0,HI,HST-10, ,99266,C,9,HFO,0,0,Emergency Manager,Heavy Rain, , ,1,SSW,0,SSE,PUKOO,08/24/2015,1255,21.073,-156.8036,21.0749,-156.7973,"Flooding near mile marker 16 at Pukoo along Kamehameha IV Highway on the island of Molokai forced the closure of the roadway in that area.","A mesoscale convective system developed near the Aloha State and moved through the area as deep, tropical moisture became entrenched over the region as Tropical Depression Kilo passed south of the islands.  Heavy rain, thunderstorms, and flash flooding were the result of all these ingredients.",78
596243,MAUI CO.,NAPILI,08/25/2015,815,Flash Flood, , ,0,0,0,0,HI,HST-10, ,99266,C,9,HFO,0,0,County Official,Heavy Rain, , ,0,NW,0,W,NAPILI,08/25/2015,959,20.982,-156.6723,20.9806,-156.6735,"Lower Honoapiilani Highway was flooded by excessive rainfall near Kahana and Honokowai.  And the towns themselves also experienced flooding in different neighborhoods.","A mesoscale convective system developed near the Aloha State and moved through the area as deep, tropical moisture became entrenched over the region as Tropical Depression Kilo passed south of the islands.  Heavy rain, thunderstorms, and flash flooding were the result of all these ingredients.",79
618480,MAUI CO.,HALAWA VALLEY,03/25/2016,1554,Flash Flood, , ,0,0,0,0,HI,HST-10, ,103455,C,9,HFO,0,0,Emergency Manager,Heavy Rain, , ,1,WSW,0,SSE,HALAWA VALLEY,03/25/2016,1554,21.1627,-156.7698,21.1639,-156.7471,"Maui Civil Defense reported a swift water rescue of a family of eight in Halawa Valley at the east end of Molokai.  Another party of 12 was also located and helped to leave the area.  The groups had been trapped by high water rising in a stream and waited for the water to subside before exiting the valley.  When firefighters arrived on the scene, everyone had already successfully crossed the stream.","A period of light winds with plenty of low-level moisture and transiting upper disturbances produced heavy showers and isolated thunderstorms over much of the Aloha State.  There were also flash flood events as time went along.  No serious injuries were reported.||The costs of any damages from the heavy downpours were not available, including damages to a barge, the Wade K, that went aground at the Wailua Marina on Kauai in the early morning hours of the 25th (after the Wailua River had flooded).",80
618305,MAUI CO.,HUELO,03/25/2016,1641,Flash Flood, , ,0,0,0,0,HI,HST-10, ,103455,C,9,HFO,0,0,Emergency Manager,Heavy Rain, , ,3,NW,2,NW,HUELO,03/25/2016,1656,20.9262,-156.2654,20.9246,-156.2491,"A hiker requested a rescue at the Bamboo Forest near Huelo on Maui because of flash flooding conditions.","A period of light winds with plenty of low-level moisture and transiting upper disturbances produced heavy showers and isolated thunderstorms over much of the Aloha State.  There were also flash flood events as time went along.  No serious injuries were reported.||The costs of any damages from the heavy downpours were not available, including damages to a barge, the Wade K, that went aground at the Wailua Marina on Kauai in the early morning hours of the 25th (after the Wailua River had flooded).",81
627608,MAUI CO.,HANA,05/08/2016,1240,Flash Flood, , ,0,0,0,0,HI,HST-10, ,104793,C,9,HFO,0,0,Emergency Manager,Heavy Rain, , ,1,WSW,0,W,HANA,05/08/2016,1600,20.768,-155.9889,20.7691,-155.9872,"Maui County officials reported flooding and road closures on Ulaino and Waikoloa roads in Hana.","A weakening front and an upper trough combined to generate heavy showers over parts of Kauai, Oahu, the Big Island of Hawaii, and, most particularly, Maui.  The rain caused ponding on roadways, and small stream and drainage ditch flooding.  Flash flooding occurred on Maui, in and around Hana, where roads were closed for a time because of high water.  There were no reports of serious injuries or property damage.",82
643082,MAUI CO.,NUU,07/24/2016,930,Flash Flood, , ,0,0,0,0,HI,HST-10, ,107196,C,9,HFO,0,0,Emergency Manager,Heavy Rain / Tropical System, , ,1,W,2,W,NUU,07/24/2016,1209,20.6312,-156.1926,20.6277,-156.2125,"Heavy rain from Tropical Storm Darby closed Piilani Highway in the southern part of East Maui between mile markers 25 and 38 at Pahihi Gulch.","Tropical Storm Darby affected the island chain with high surf, gusty winds, and heavy downpours; from the Big Island to Kauai.  Some of the precipitation resulted in flash flooding.  There were power outages, and downed trees and power poles in parts of the Big Island and Oahu.  However, there were no reports of significant injuries.  The cost of damages was not available.||Surf heights varied around the island chain, though affected east-facing shores were on Kauai, Oahu, Molokai, Maui, and the Big Island of Hawaii. Most surf was in the 8 to 12-foot range, with some Big Island beaches seeing heights as high as 20 feet on the 22nd and 23rd.",83
655232,MAUI CO.,WAILUKU HEIGHTS,09/13/2016,1914,Flash Flood, , ,0,0,0,0,HI,HST-10, ,109487,C,9,HFO,0,0,County Official,Heavy Rain, , ,2,W,1,WNW,WAILUKU HEIGHTS,09/13/2016,2114,20.8825,-156.5466,20.8861,-156.5317,"Flash flood waters along the Wailuku River inundated the Iao Valley.  There was significant damage at the Iao Valley State Park and Kepaniwai Heritage Gardens County Park.  Also, a debris flow and flooding occurred along Honoapiilani Highway between Maalaea and Lahaina.","As a weak tropical disturbance with abundant low-level moisture moved through the islands, an upper low moved in from the northwest.  This combination generated heavy showers and thunderstorms, which then resulted in flash flooding over Maui, especially in the Iao Valley.  Other parts of the state received heavy rainfall as well.  An initial estimate of damages was about $15 million; though this was, apparently, for public costs.  No estimate was available for private losses.  No serious injuries were reported, though several residents from Iao Valley had to be rescued because of flood waters.",84
655241,MAUI CO.,NUU,09/14/2016,1300,Flash Flood, , ,0,0,0,0,HI,HST-10, ,109487,C,9,HFO,0,0,County Official,Heavy Rain, , ,3,W,3,WSW,NUU,09/14/2016,1445,20.6237,-156.2238,20.6202,-156.2222,"Streams were overflowing along Piilani Highway on Maui between mile markers 20 and 30, causing debris flows.","As a weak tropical disturbance with abundant low-level moisture moved through the islands, an upper low moved in from the northwest.  This combination generated heavy showers and thunderstorms, which then resulted in flash flooding over Maui, especially in the Iao Valley.  Other parts of the state received heavy rainfall as well.  An initial estimate of damages was about $15 million; though this was, apparently, for public costs.  No estimate was available for private losses.  No serious injuries were reported, though several residents from Iao Valley had to be rescued because of flood waters.",85
655244,MAUI CO.,KEANAE,09/15/2016,425,Flash Flood, , ,0,0,0,0,HI,HST-10, ,109487,C,9,HFO,0,0,Emergency Manager,Heavy Rain, , ,1,WSW,1,WSW,KEANAE,09/15/2016,523,20.8616,-156.1638,20.8632,-156.1616,"Part of the Hana Highway near Keanae in windward East Maui was closed due to a debris flow and high water.","As a weak tropical disturbance with abundant low-level moisture moved through the islands, an upper low moved in from the northwest.  This combination generated heavy showers and thunderstorms, which then resulted in flash flooding over Maui, especially in the Iao Valley.  Other parts of the state received heavy rainfall as well.  An initial estimate of damages was about $15 million; though this was, apparently, for public costs.  No estimate was available for private losses.  No serious injuries were reported, though several residents from Iao Valley had to be rescued because of flood waters.",86
655248,MAUI CO.,WAILUKU HEIGHTS,09/16/2016,1916,Flash Flood, , ,0,0,0,0,HI,HST-10, ,109487,C,9,HFO,0,0,Emergency Manager,Heavy Rain, , ,2,W,1,WNW,WAILUKU HEIGHTS,09/16/2016,2158,20.8817,-156.5445,20.8841,-156.5386,"An emergency manager reported two homes in Iao Valley inundated with water overflowing from the Wailuku River (Iao Stream).  The waterway had been rerouted by the extreme downpours that had occurred, and this was likely causing the problem of water getting into the residents' homes.","As a weak tropical disturbance with abundant low-level moisture moved through the islands, an upper low moved in from the northwest.  This combination generated heavy showers and thunderstorms, which then resulted in flash flooding over Maui, especially in the Iao Valley.  Other parts of the state received heavy rainfall as well.  An initial estimate of damages was about $15 million; though this was, apparently, for public costs.  No estimate was available for private losses.  No serious injuries were reported, though several residents from Iao Valley had to be rescued because of flood waters.",87
665129,MAUI CO.,UKUMEHAME BP,12/11/2016,1925,Flash Flood, , ,0,0,0,0,HI,HST-10, ,111505,C,9,HFO,0,0,Emergency Manager,Heavy Rain, , ,1,ESE,1,ESE,UKUMEHAME BP,12/11/2016,2229,20.7934,-156.5665,20.7924,-156.5631,"A portion of Highway 30, the Honoapiilani Highway, was closed between the North Kihei Road junction and Papalaua State Wayside Park on Maui due to flooding.","Another upper air disturbance triggered heavy showers and rain over portions of the island chain.  The precipitation caused mainly small stream and drainage ditch flooding, and ponding on roadways, though a flash flooding event did occur on Maui.  No serious injuries or property damage were reported.",88
665351,MAUI CO.,KEANAE,12/31/2016,1000,Flash Flood, , ,0,0,0,0,HI,HST-10, ,111540,C,9,HFO,0,0,County Official,Heavy Rain, , ,1,SW,1,SSE,KEANAE,12/31/2016,1539,20.859,-156.1604,20.8607,-156.1461,"Hana Highway in windward Maui was closed between mile markers 14 and 16 due to a downed tree and other debris from flooding.","A slow-moving front stalled over the Valley Isle of Maui and brought heavy rain and showers.  The system produced flash flooding conditions in windward Maui on the 31st. No serious injuries were reported.  The costs of any damages were not available.",89
674253,MAUI CO.,I KIHEI,02/11/2017,1920,Flash Flood, , ,0,0,0,0,HI,HST-10, ,112867,C,9,HFO,0,0,Emergency Manager,Heavy Rain, , ,1,W,1,W,I KIHEI,02/11/2017,2000,20.7691,-156.459,20.7691,-156.4587,"South Kihei Road on Maui was closed between Wailana Place and Kaonoulu Street because of two feet of water on the roadway.","A front moving through the state produced heavy rain and thunderstorms, flash flooding, and gusty winds.  Downed power lines and trees, and ponding on roadways were almost commonplace occurrences with the system.  However, there were no reports of serious injuries.  The total cost of any damages was not available.",90
674317,MAUI CO.,KOKOMO,02/27/2017,1949,Flash Flood, , ,0,0,0,0,HI,HST-10, ,112880,C,9,HFO,0,0,Law Enforcement,Heavy Rain, , ,1,WSW,0,WSW,KOKOMO,02/27/2017,2128,20.8671,-156.307,20.8676,-156.3066,"Maui police reported heavy flooding on Kokomo Road at Makawao Avenue just north of Makawao.","The combination of a nearby surface low and upper trough brought heavy showers and thunderstorms to parts of the Aloha State, mainly Kauai, Oahu, and Maui.  Some of the rainfall was enough to cause flash flooding in a few instances.  However, there were no reports of serious injuries.  The total cost of damages was not known, but a report about flooding at Waimea Valley Park on Oahu on the 28th indicated damages in the $10's of thousands.",91
674325,MAUI CO.,KOALI,02/28/2017,2023,Flash Flood, , ,0,0,0,0,HI,HST-10, ,112880,C,9,HFO,0,0,Emergency Manager,Heavy Rain, , ,0,N,0,N,KOALI,02/28/2017,2328,20.6843,-156.0293,20.6844,-156.0304,"A debris flow, in this case a rock slide, caused by heavy rain blocked both lanes of Hana Highway in the vicinity of Wailua Falls in the eastern portion of East Maui.","The combination of a nearby surface low and upper trough brought heavy showers and thunderstorms to parts of the Aloha State, mainly Kauai, Oahu, and Maui.  Some of the rainfall was enough to cause flash flooding in a few instances.  However, there were no reports of serious injuries.  The total cost of damages was not known, but a report about flooding at Waimea Valley Park on Oahu on the 28th indicated damages in the $10's of thousands.",92
678652,MAUI CO.,I KIHEI,03/07/2017,1603,Flash Flood, , ,0,0,0,0,HI,HST-10, ,113413,C,9,HFO,0,0,Broadcast Media,Heavy Rain, , ,1,W,1,WSW,I KIHEI,03/07/2017,1926,20.7684,-156.4589,20.7684,-156.458,"Portion of S. Kihei Road was closed due to flash flooding.  Several homes had to be evacuated as well.  Several vehicles and condominiums were damaged, and seven individuals trapped by the flood had to be rescued by fire crews.","An upper trough near the island chain induced heavy downpours and thunderstorms over Maui, particularly the leeward Haleakala area.  Remnant moisture from an old front was sufficient to bring intense rainfall that inundated Kulanihakoi Gulch, which then led to South Kihei Road being flooded.  Seven individuals trapped by the deluge had to be rescued by fire crews, and the flooding waters damaged several vehicles and condominiums.  The system also produced heavy rain and thunderstorms over the Big Island of Hawaii (where small hail fell on the 9th, as well) and Oahu.  No serious injuries were reported.  The cost of damages was not determined.",93
722002,MAUI CO.,KANAHA BP,10/24/2017,230,Flash Flood, , ,0,0,0,0,HI,HST-10, ,120383,C,9,HFO,0,0,Broadcast Media,Heavy Rain, , ,1,SSE,1,S,KANAHA BP,10/24/2017,659,20.8867,-156.4271,20.8857,-156.4282,"Haleakala Highway was closed at Hana Highway due to high water from heavy rain.","A combustible mix of surface and upper air instability, and deep tropical moisture, brought periods of strong winds, heavy rain, thunderstorms, and flash flooding to parts of the Aloha State.  Lightning strikes led to power outages, and gusty winds toppled trees and power lines.  A woman on Oahu was injured as a tree toppled over onto a bus stop structure where she was standing on the 23rd.  No other injuries were reported. The cost of damages was not available.",94
727099,MAUI CO.,WAIHEE,12/20/2017,808,Flash Flood, , ,0,0,0,0,HI,HST-10, ,121460,C,9,HFO,0,0,County Official,Heavy Rain, , ,2,NNW,2,NNW,WAIHEE,12/20/2017,1844,20.9582,-156.5332,20.9599,-156.5317,"An area near mile marker 7 along Kahekili Highway in West Maui became flooded as heavy rain inundated the windward side.  Flooding also occurred along Hana Highway near Kaupakalua Road where a debris flow closed the roadway for a time, and the intersection of Puunene and Wakea avenues near Christ the King Church in Kahului had to be closed because of deep water.","A front, with a supporting upper air trough, brought heavy downpours, flash flooding, and isolated thunderstorms to the Aloha State.  Most of the precipitation affected the eastern part of the island chain.  However, no serious injuries were reported.  The costs of any damages were not available.",95
734005,MAUI CO.,WAIHEE,02/18/2018,1417,Flash Flood, , ,0,0,0,0,HI,HST-10, ,122579,C,9,HFO,0,0,County Official,Heavy Rain, , ,1,NNE,1,NNE,WAIHEE,02/18/2018,1817,20.9444,-156.5168,20.9448,-156.5154,"In West Maui, flooding waters covered portions of Kahekili Highway at the Waihee Valley Bridge. Also, portions of Iao Valley Road and Waiehu Beach Road were closed due to high water. The Fire Department, as well, reported that a young man had to be rescued from rising water at a home at 140 River Road.","With a weakening front over the islands and an upper low northwest of Kauai, heavy showers and thunderstorms developed over the state.  Drenching rain led to periods of flash flooding over several isles, and gusty winds downed trees and power lines.  The cost of any damages was not available.  ||A man on the Big Island of Hawaii perished, apparently from being tossed violently by gusty winds associated with a thunderstorm in the later evening on the 18th of February.  No other fatalities or serious injuries were reported.",96
739523,MAUI CO.,HANA,03/14/2018,1500,Flash Flood, , ,0,0,0,0,HI,HST-10, ,123339,C,9,HFO,0,0,Emergency Manager,Heavy Rain, , ,1,SW,1,SW,HANA,03/15/2018,744,20.7604,-155.9891,20.7603,-155.9883,"Uakea and Waikoloa roads closed in Hana on Maui due to flooding rains on the roadways. Also, Hana Highway was closed at Mill Place, as well as Haneoo and Ulaino roads, due to deep water.","An area of low pressure west of the Aloha State produced heavy showers and thunderstorms.  The precipitation led to flash flooding over portions of Kauai and Maui.  There were no reports of significant injuries.  The cost of any damages was not available.",97
741613,MAUI CO.,KAWELA,04/02/2018,1837,Flash Flood, , ,0,0,0,0,HI,HST-10, ,123649,C,9,HFO,0,0,Law Enforcement,Heavy Rain, , ,0,E,1,E,KAWELA,04/02/2018,2140,21.0699,-156.9631,21.0696,-156.9605,"Law enforcement reported water over Kamehameha V Highway on Molokai near Mile Post 4, west-southwest of Kawela.","With a front in the area and available low level moisture, heavy showers and thunderstorms developed over parts of the Aloha State.  Maui was especially affected with flash flooding.  No significant injuries were reported.  The cost of any damages was not available.",98
741615,MAUI CO.,HONOKOWAI,04/02/2018,1914,Flash Flood, , ,0,0,0,0,HI,HST-10, ,123649,C,9,HFO,0,0,Law Enforcement,Heavy Rain, , ,0,NNE,0,NNE,HONOKOWAI,04/02/2018,2143,20.9738,-156.679,20.9743,-156.6787,"Lower Honoapiilani Road was closed near the Pohailani Resort in West Maui for a time because of flooding rains in the area, caused by clogged drainage.  Police officers on scene reported a vehicle stuck on the road with 10 inches of water over the roadway.","With a front in the area and available low level moisture, heavy showers and thunderstorms developed over parts of the Aloha State.  Maui was especially affected with flash flooding.  No significant injuries were reported.  The cost of any damages was not available.",99
773822,MAUI CO.,WAIANAPANAPA SP,08/23/2018,1130,Flash Flood, , ,0,0,0,0,HI,HST-10, ,129101,C,9,HFO,0,0,Emergency Manager,Heavy Rain / Tropical System, , ,1,SSE,1,W,HANA,08/23/2018,1429,20.7707,-155.9955,20.7702,-155.9893,"Flooding rains closed Waikoloa Road near Hana.  Also, Waianapanapa and Ulaino roads were closed in the area as well.","With Hurricane Lane just west of the Big Island of Hawaii, and south of Maui County and Oahu, torrential rain fell over parts of the state, especially the Big Island.  Flash flooding was the most serious weather problem, with parts of the Big Island seeing total rainfall of 40 to 50 inches. (One site, the Kahuna Falls Cooperative Observer Program station, reported 56 inches.)  Strong winds also downed trees and power lines, leading to power outages on most isles.  The total cost of damages has not yet been assessed, though at least $20 million in damages occurred to public infrastructure on the Big Island.  There were no reports of serious injuries.",100
773886,MAUI CO.,HAIKU,08/24/2018,2020,Flash Flood, , ,0,0,0,0,HI,HST-10, ,129101,C,9,HFO,0,0,Trained Spotter,Heavy Rain / Tropical System, , ,2,E,2,E,HAIKU,08/25/2018,209,20.9142,-156.2826,20.9134,-156.2823,"Skywarn spotter reported a 30-foot section of Puu Way in Haiku was washed out at a culvert.","With Hurricane Lane just west of the Big Island of Hawaii, and south of Maui County and Oahu, torrential rain fell over parts of the state, especially the Big Island.  Flash flooding was the most serious weather problem, with parts of the Big Island seeing total rainfall of 40 to 50 inches. (One site, the Kahuna Falls Cooperative Observer Program station, reported 56 inches.)  Strong winds also downed trees and power lines, leading to power outages on most isles.  The total cost of damages has not yet been assessed, though at least $20 million in damages occurred to public infrastructure on the Big Island.  There were no reports of serious injuries.",101
778681,MAUI CO.,WAIANAPANAPA SP,09/12/2018,1041,Flash Flood, , ,0,0,0,0,HI,HST-10, ,130016,C,9,HFO,0,0,Department of Highways,Heavy Rain / Tropical System, , ,2,WNW,2,WNW,WAIANAPANAPA SP,09/12/2018,1742,20.7876,-156.0296,20.7892,-156.0275,"Deep water on Ulaino Road near Hana on Maui forced its closure. Waikoloa Road near Hana was also closed because of water on the roadway. Later in the day after 1400 HST, Honokohau Stream overflowed onto the bridge in Honokohau in West Maui and closed Honoapiilani Highway in that area.","As Tropical Storm Olivia approached the islands from the east-northeast and then made a double landfall in Maui County on September 12th, it brought gusty winds and heavy precipitation.  Most of its effects were concentrated over Maui, Molokai, and Oahu.  The system downed trees, caused power outages and debris flows, and generated flash flooding.  The costs of damages had not yet been assessed.  There were no reports of serious injuries.",102
778680,MAUI CO.,KAMALO,09/12/2018,1200,Flash Flood, , ,0,0,0,0,HI,HST-10, ,130016,C,9,HFO,0,0,Department of Highways,Heavy Rain / Tropical System, , ,1,ENE,1,ENE,KAMALO,09/12/2018,1739,21.0562,-156.8664,21.0578,-156.8614,"Deep water closed the roadway (Highway 450) near Kawela on the island of Molokai.","As Tropical Storm Olivia approached the islands from the east-northeast and then made a double landfall in Maui County on September 12th, it brought gusty winds and heavy precipitation.  Most of its effects were concentrated over Maui, Molokai, and Oahu.  The system downed trees, caused power outages and debris flows, and generated flash flooding.  The costs of damages had not yet been assessed.  There were no reports of serious injuries.",103
778928,MAUI CO.,LAHAINA,09/27/2018,915,Flash Flood, , ,0,0,0,0,HI,HST-10, ,130049,C,9,HFO,0,0,Emergency Manager,Heavy Rain, , ,1,SSE,1,SSE,LAHAINA,09/27/2018,1157,20.8729,-156.6781,20.873,-156.6778,"Water from heavy rain was getting into some businesses along Front Street in Lahaina in West Maui.  Also, a home was inundated on Lahainaluna Road in Lahaina.","With plenty of low level moisture and destabilization from surface and upper troughs west and northwest of the Aloha State, heavy downpours and isolated thunderstorms developed over portions of the island chain.  Flash flooding also occurred over West Maui.  No significant injuries were reported.  The costs of property damages was not available.",104
800014,MAUI CO.,HAIKU,02/14/2019,1610,Flash Flood, , ,0,0,0,0,HI,HST-10, ,133682,C,9,HFO,0,0,Emergency Manager,Heavy Rain, , ,1,WSW,0,ENE,HAIKU,02/14/2019,1905,20.9177,-156.3282,20.922,-156.3141,"Gulches in the Haiku and Makawao areas of East Maui overflowed due to heavy rainfall. Low water crossings became flooded, so county officials had to close roadways for a time.","A strong upper air trough developed north of the islands and brought heavy rain and flash flooding to parts of the island chain. Some properties on Oahu were damaged by the inundation, while residents on Maui saw road closures because of the precipitation. No serious injuries were reported. The cost of damages was not available.",105
875009,MAUI CO.,WAIANAPANAPA SP,03/02/2020,1957,Flash Flood, , ,0,0,0,0,HI,HST-10, ,145680,C,9,HFO,0,0,Emergency Manager,Heavy Rain, , ,1,S,1,SSE,WAIANAPANAPA SP,03/03/2020,154,20.7687,-155.9981,20.7671,-155.9971,"Hana Highway was closed between Waikoloa Road and the town of Hana due to deep ponding on the roadway.","An upper low north of the area and a weak surface trough passing south of the state caused downpours over portions of the island chain, and flash flooding on Maui.  No serious injuries were reported. The costs of any damages were unavailable.",106
879476,MAUI CO.,I KIHEI,04/06/2020,2000,Flash Flood, , ,0,0,0,0,HI,HST-10, ,146375,C,9,HFO,0,0,Emergency Manager,Heavy Rain, , ,1,WSW,1,WSW,I KIHEI,04/06/2020,2000,20.7683,-156.4582,20.7679,-156.4579,"South Kihei Road was closed near Kulanihakoi Gulch, between Wailana Place and Kulanihakoi Street, in the southern part of Maui's Central Valley because of rising water.  The flood rendered a few cars inoperable.  More flooding was reported along South Kihei Road between Lipoa and Halekuai streets.","A weak front heading toward the islands from the northwest produced heavy showers and isolated thunderstorms.  Most of the precipitation caused ponding on roadways, and small stream and drainage ditch flooding over parts of the Big Island, Maui, Oahu, and Kauai.  A flash flood was also reported in Kihei in the southern section of Maui's Central Valley.  However, there were no reports of significant injuries.  The costs of any damages were not available.",107
932502,MAUI CO.,KAMALO,01/18/2021,1704,Flash Flood, , ,0,0,0,0,HI,HST-10, ,154765,C,9,HFO,0,0,Emergency Manager,Heavy Rain, , ,0,ESE,0,ESE,KAMALO,01/18/2021,2311,21.0482,-156.8762,21.0487,-156.8745,"Heavy rain caused flooding, and road closures, over portions of Kamehameha Highway V near Kamalo and Pukoo on the island of Molokai.","A cold front moving through the islands and an associated upper air trough combined to trigger heavy showers and isolated thunderstorms, including flash flooding in parts of Molokai, Maui, and Kauai.  There were no reports of serious injuries.  The costs of any property damage were not available.",108
932504,MAUI CO.,HONOKOHAU,01/18/2021,1737,Flash Flood, , ,0,0,0,0,HI,HST-10, ,154765,C,9,HFO,0,0,Emergency Manager,Heavy Rain, , ,1,E,1,E,HONOKOHAU,01/18/2021,1758,21.0213,-156.6107,21.0212,-156.6089,"Debris (large boulders) on Honoapiilani Highway in West Maui near mile marker 35 caused a road closure after heavy downpours.","A cold front moving through the islands and an associated upper air trough combined to trigger heavy showers and isolated thunderstorms, including flash flooding in parts of Molokai, Maui, and Kauai.  There were no reports of serious injuries.  The costs of any property damage were not available.",109
938300,MAUI CO.,HAIKU,03/08/2021,1635,Flash Flood, , ,0,0,14300000,0,HI,HST-10, ,155558,C,9,HFO,0,0,Emergency Manager,Heavy Rain, , ,2,ESE,2,E,PAUWELA,03/08/2021,1815,20.91,-156.29,20.9288,-156.2891,"Hana Highway was closed from Peahi Road near Haiku to Keanae in windward East Maui due to flooding.  A dam failure in the same area was a possibility as water topped the Kaupakulua Dam upstream from the Haiku and Pauwela communities.  The dam survived the downpours, however.","A slow-moving surface trough, heading east to west, and an upper disturbance triggered heavy showers and isolated thunderstorms that caused flash flooding in some instances.  Damages occurred to public and private property, including roads and bridges washed out. Nine homes were destroyed, 44 suffered major damage, and 55 suffered minor damage.  No significant injuries were reported.",110
938734,MAUI CO.,WAIANAPANAPA SP,03/12/2021,2230,Flash Flood, , ,0,0,0,0,HI,HST-10, ,155613,C,9,HFO,0,0,Law Enforcement,Heavy Rain, , ,1,S,1,S,WAIANAPANAPA SP,03/13/2021,1425,20.7712,-156.001,20.7656,-155.9981,"Hana Highway in windward East Maui became impassable because of high water.  Later, near Kahului, water from heavy rain was flowing into a few homes due to storm drains being overwhelmed by the downpours.","Conditions remained unstable across most of the Aloha State with features aloft and at the surface west of the islands.  Low level moisture continued to pool over the area, and the result was more heavy precipitation and periods of flash flooding.  The costs of damages were hard to separate during the extended heavy rain event and were included in the previous episode.  No significant injuries were reported.",111
941899,MAUI CO.,KAWELA,03/13/2021,525,Flash Flood, , ,0,0,0,0,HI,HST-10, ,155613,C,9,HFO,0,0,Emergency Manager,Heavy Rain, , ,3,ENE,4,NW,KAMALO,03/13/2021,738,21.0967,-156.9244,21.0956,-156.9153,"Peak of flood wave occurred at Kawela Gulch on the island of Molokai.","Conditions remained unstable across most of the Aloha State with features aloft and at the surface west of the islands.  Low level moisture continued to pool over the area, and the result was more heavy precipitation and periods of flash flooding.  The costs of damages were hard to separate during the extended heavy rain event and were included in the previous episode.  No significant injuries were reported.",112
991912,MAUI CO.,KAMALO,12/05/2021,1838,Flash Flood, , ,0,0,0,0,HI,HST-10, ,164060,C,9,HFO,0,0,Emergency Manager,Heavy Rain, , ,1,WNW,1,WNW,KAMALO,12/06/2021,815,21.056,-156.8962,21.0557,-156.8948,"With deep water covering the roadway, Kamehameha V Highway became impassable near mile marker 8 on the island of Molokai.","A surface front and a deep upper low, known locally as a kona low, produced heavy and sustained showers and thunderstorms as tropical moisture was pulled north over the Aloha State.  The downpours also led to instances of flash flooding.  Also, high winds and wintry conditions affected the mountain summits on the Big Island and Haleakala on Maui. No significant injuries were reported.  The costs of any damages were not available.",113
991911,MAUI CO.,KAHULUI,12/05/2021,2048,Flash Flood, , ,0,0,0,0,HI,HST-10, ,164060,C,9,HFO,0,0,Emergency Manager,Heavy Rain, , ,1,SE,1,SE,KAHULUI,12/06/2021,855,20.8876,-156.4528,20.8876,-156.4523,"Flooding was reported at the Krispy Kreme in Kahului.  More flooding occurred in the Wakea Business Center in Kahului, and around the Puunene Bridge.  A little later, about 2100 HST, multiple homes were flooded in Maui Meadows, and a few vehicles were washed away.","A surface front and a deep upper low, known locally as a kona low, produced heavy and sustained showers and thunderstorms as tropical moisture was pulled north over the Aloha State.  The downpours also led to instances of flash flooding.  Also, high winds and wintry conditions affected the mountain summits on the Big Island and Haleakala on Maui. No significant injuries were reported.  The costs of any damages were not available.",114
1018140,MAUI CO.,MAKENA,05/01/2022,2230,Flash Flood, , ,0,0,1200000,0,HI,HST-10, ,168154,C,9,HFO,0,0,Emergency Manager,Heavy Rain, , ,6,SE,7,SE,MAKENA,05/02/2022,131,20.6211,-156.3595,20.5991,-156.3593,"Piilani Highway between mile markers 31 and 39 became impassable after heavy rain, and a culvert was washed out at the Lelekea Culvert crossing.","An upper air disturbance caused heavy showers and isolated thunderstorms.  Early on in the episode, a flash flood occurred over a portion of Maui along Piilani Highway.  Otherwise, the precipitation produced small stream and drainage ditch flooding, and ponding on roadways, over other parts of Maui and on the Big Island.  No serious injuries were reported.",115
